"Data Source","World Development Indicators",

"Last Updated Date","2020-03-18",

"Country Name","Country Code","Indicator Name","Indicator Code","1960","1961","1962","1963","1964","1965","1966","1967","1968","1969","1970","1971","1972","1973","1974","1975","1976","1977","1978","1979","1980","1981","1982","1983","1984","1985","1986","1987","1988","1989","1990","1991","1992","1993","1994","1995","1996","1997","1998","1999","2000","2001","2002","2003","2004","2005","2006","2007","2008","2009","2010","2011","2012","2013","2014","2015","2016","2017","2018","2019",
"Aruba","ABW","Tuberculosis case detection rate (%, all forms)","SH.TBS.DTEC.ZS","","","","","","","","","","","","","","","","","","","","","","","","","","","","","","","","","","","","","","","","","","","","","","","","","","","87","87","87","87","87","","87","87","87","",
"Afghanistan","AFG","Tuberculosis case detection rate (%, all forms)","SH.TBS.DTEC.ZS","","","","","","","","","","","","","","","","","","","","","","","","","","","","","","","","","","","","","","","","","18","25","32","31","39","45","51","56","54","49","51","49","49","50","50","55","63","68","69","",
"Angola","AGO","Tuberculosis case detection rate (%, all forms)","SH.TBS.DTEC.ZS","","","","","","","","","","","","","","","","","","","","","","","","","","","","","","","","","","","","","","","","","33","42","53","60","54","52","66","52","54","48","50","51","54","60","54","58","57","51","61","",
"Albania","ALB","Tuberculosis case detection rate (%, all forms)","SH.TBS.DTEC.ZS","","","","","","","","","","","","","","","","","","","","","","","","","","","","","","","","","","","","","","","","","87","87","87","87","87","87","87","87","87","87","87","87","87","87","87","87","87","87","87","",
"Andorra","AND","Tuberculosis case detection rate (%, all forms)","SH.TBS.DTEC.ZS","","","","","","","","","","","","","","","","","","","","","","","","","","","","","","","","","","","","","","","","","87","87","87","87","87","87","87","87","87","87","87","87","87","87","87","87","87","87","87","",
"Arab World","ARB","Tuberculosis case detection rate (%, all forms)","SH.TBS.DTEC.ZS","","","","","","","","","","","","","","","","","","","","","","","","","","","","","","","","","","","","","","","","","","","","","","","","","","","","","","","","","","","","",
"United Arab Emirates","ARE","Tuberculosis case detection rate (%, all forms)","SH.TBS.DTEC.ZS","","","","","","","","","","","","","","","","","","","","","","","","","","","","","","","","","","","","","","","","","87","87","87","87","87","87","87","87","87","87","87","87","87","87","87","87","87","87","87","",
"Argentina","ARG","Tuberculosis case detection rate (%, all forms)","SH.TBS.DTEC.ZS","","","","","","","","","","","","","","","","","","","","","","","","","","","","","","","","","","","","","","","","","87","87","87","87","87","87","87","87","87","87","87","87","87","87","87","87","87","87","87","",
"Armenia","ARM","Tuberculosis case detection rate (%, all forms)","SH.TBS.DTEC.ZS","","","","","","","","","","","","","","","","","","","","","","","","","","","","","","","","","","","","","","","","","80","80","80","80","80","80","80","80","80","80","80","80","80","80","80","80","80","80","80","",
"American Samoa","ASM","Tuberculosis case detection rate (%, all forms)","SH.TBS.DTEC.ZS","","","","","","","","","","","","","","","","","","","","","","","","","","","","","","","","","","","","","","","","","87","87","87","87","87","87","87","87","87","87","87","87","","","","87","","87","","",
"Antigua and Barbuda","ATG","Tuberculosis case detection rate (%, all forms)","SH.TBS.DTEC.ZS","","","","","","","","","","","","","","","","","","","","","","","","","","","","","","","","","","","","","","","","","87","87","87","87","","87","87","87","87","87","87","87","87","87","87","","87","87","87","",
"Australia","AUS","Tuberculosis case detection rate (%, all forms)","SH.TBS.DTEC.ZS","","","","","","","","","","","","","","","","","","","","","","","","","","","","","","","","","","","","","","","","","87","87","87","87","87","87","87","87","87","87","87","87","87","87","87","87","87","87","87","",
"Austria","AUT","Tuberculosis case detection rate (%, all forms)","SH.TBS.DTEC.ZS","","","","","","","","","","","","","","","","","","","","","","","","","","","","","","","","","","","","","","","","","87","87","87","87","87","87","87","87","","87","87","87","87","87","87","87","87","87","74","",
"Azerbaijan","AZE","Tuberculosis case detection rate (%, all forms)","SH.TBS.DTEC.ZS","","","","","","","","","","","","","","","","","","","","","","","","","","","","","","","","","","","","","","","","","80","80","80","80","80","80","80","80","80","80","80","80","80","80","80","80","80","80","80","",
"Burundi","BDI","Tuberculosis case detection rate (%, all forms)","SH.TBS.DTEC.ZS","","","","","","","","","","","","","","","","","","","","","","","","","","","","","","","","","","","","","","","","","35","37","38","43","46","46","44","47","52","57","61","54","56","61","58","56","61","63","58","",
"Belgium","BEL","Tuberculosis case detection rate (%, all forms)","SH.TBS.DTEC.ZS","","","","","","","","","","","","","","","","","","","","","","","","","","","","","","","","","","","","","","","","","87","87","87","87","87","87","87","87","87","87","87","87","87","87","87","87","87","87","88","",
"Benin","BEN","Tuberculosis case detection rate (%, all forms)","SH.TBS.DTEC.ZS","","","","","","","","","","","","","","","","","","","","","","","","","","","","","","","","","","","","","","","","","45","45","48","50","54","56","62","61","64","63","60","66","62","60","61","63","61","55","62","",
"Burkina Faso","BFA","Tuberculosis case detection rate (%, all forms)","SH.TBS.DTEC.ZS","","","","","","","","","","","","","","","","","","","","","","","","","","","","","","","","","","","","","","","","","28","29","29","31","34","41","45","45","47","52","53","58","57","58","59","60","60","59","63","",
"Bangladesh","BGD","Tuberculosis case detection rate (%, all forms)","SH.TBS.DTEC.ZS","","","","","","","","","","","","","","","","","","","","","","","","","","","","","","","","","","","","","","","","","27","27","28","30","32","40","47","47","47","50","47","47","51","55","56","60","64","69","75","",
"Bulgaria","BGR","Tuberculosis case detection rate (%, all forms)","SH.TBS.DTEC.ZS","","","","","","","","","","","","","","","","","","","","","","","","","","","","","","","","","","","","","","","","","80","80","80","80","80","80","80","80","80","80","80","80","80","80","80","80","80","80","82","",
"Bahrain","BHR","Tuberculosis case detection rate (%, all forms)","SH.TBS.DTEC.ZS","","","","","","","","","","","","","","","","","","","","","","","","","","","","","","","","","","","","","","","","","87","87","87","87","87","87","87","87","87","87","87","87","87","87","","","87","87","87","",
"Bahamas, The","BHS","Tuberculosis case detection rate (%, all forms)","SH.TBS.DTEC.ZS","","","","","","","","","","","","","","","","","","","","","","","","","","","","","","","","","","","","","","","","","87","","87","87","87","87","87","87","87","87","87","87","87","87","87","87","87","87","87","",
"Bosnia and Herzegovina","BIH","Tuberculosis case detection rate (%, all forms)","SH.TBS.DTEC.ZS","","","","","","","","","","","","","","","","","","","","","","","","","","","","","","","","","","","","","","","","","80","80","80","80","80","80","80","80","80","80","80","80","80","80","80","80","80","80","80","",
"Belarus","BLR","Tuberculosis case detection rate (%, all forms)","SH.TBS.DTEC.ZS","","","","","","","","","","","","","","","","","","","","","","","","","","","","","","","","","","","","","","","","","80","80","80","80","80","80","80","80","80","80","80","80","80","80","80","80","80","80","80","",
"Belize","BLZ","Tuberculosis case detection rate (%, all forms)","SH.TBS.DTEC.ZS","","","","","","","","","","","","","","","","","","","","","","","","","","","","","","","","","","","","","","","","","87","87","87","87","87","87","87","87","87","87","87","87","87","87","87","87","87","87","87","",
"Bermuda","BMU","Tuberculosis case detection rate (%, all forms)","SH.TBS.DTEC.ZS","","","","","","","","","","","","","","","","","","","","","","","","","","","","","","","","","","","","","","","","","","","","","87","","87","","","","87","87","87","","","","87","87","87","",
"Bolivia","BOL","Tuberculosis case detection rate (%, all forms)","SH.TBS.DTEC.ZS","","","","","","","","","","","","","","","","","","","","","","","","","","","","","","","","","","","","","","","","","65","69","67","66","66","67","63","60","65","64","62","64","63","64","63","61","61","61","62","",
"Brazil","BRA","Tuberculosis case detection rate (%, all forms)","SH.TBS.DTEC.ZS","","","","","","","","","","","","","","","","","","","","","","","","","","","","","","","","","","","","","","","","","87","87","87","87","87","87","87","87","87","87","87","87","87","87","87","87","87","87","87","",
"Barbados","BRB","Tuberculosis case detection rate (%, all forms)","SH.TBS.DTEC.ZS","","","","","","","","","","","","","","","","","","","","","","","","","","","","","","","","","","","","","","","","","87","87","87","","87","","87","87","87","87","87","","87","87","87","","87","","87","",
"Brunei Darussalam","BRN","Tuberculosis case detection rate (%, all forms)","SH.TBS.DTEC.ZS","","","","","","","","","","","","","","","","","","","","","","","","","","","","","","","","","","","","","","","","","87","87","87","87","87","87","87","87","87","87","87","87","87","87","87","87","87","87","87","",
"Bhutan","BTN","Tuberculosis case detection rate (%, all forms)","SH.TBS.DTEC.ZS","","","","","","","","","","","","","","","","","","","","","","","","","","","","","","","","","","","","","","","","","80","80","80","80","80","80","80","80","80","80","80","80","80","80","80","80","80","80","80","",
"Botswana","BWA","Tuberculosis case detection rate (%, all forms)","SH.TBS.DTEC.ZS","","","","","","","","","","","","","","","","","","","","","","","","","","","","","","","","","","","","","","","","","62","65","70","70","74","77","68","66","78","77","68","68","75","80","75","66","77","80","59","",
"Central African Republic","CAF","Tuberculosis case detection rate (%, all forms)","SH.TBS.DTEC.ZS","","","","","","","","","","","","","","","","","","","","","","","","","","","","","","","","","","","","","","","","","","13","24","19","18","15","27","","29","37","28","24","34","36","42","43","42","39","43","",
"Canada","CAN","Tuberculosis case detection rate (%, all forms)","SH.TBS.DTEC.ZS","","","","","","","","","","","","","","","","","","","","","","","","","","","","","","","","","","","","","","","","","87","87","87","87","87","87","87","87","87","87","87","87","87","87","87","87","87","87","87","",
"Central Europe and the Baltics","CEB","Tuberculosis case detection rate (%, all forms)","SH.TBS.DTEC.ZS","","","","","","","","","","","","","","","","","","","","","","","","","","","","","","","","","","","","","","","","","","","","","","","","","","","","","","","","","","","","",
"Switzerland","CHE","Tuberculosis case detection rate (%, all forms)","SH.TBS.DTEC.ZS","","","","","","","","","","","","","","","","","","","","","","","","","","","","","","","","","","","","","","","","","87","87","87","87","87","87","87","87","87","87","87","87","87","87","87","87","87","87","87","",
"Channel Islands","CHI","Tuberculosis case detection rate (%, all forms)","SH.TBS.DTEC.ZS","","","","","","","","","","","","","","","","","","","","","","","","","","","","","","","","","","","","","","","","","","","","","","","","","","","","","","","","","","","","",
"Chile","CHL","Tuberculosis case detection rate (%, all forms)","SH.TBS.DTEC.ZS","","","","","","","","","","","","","","","","","","","","","","","","","","","","","","","","","","","","","","","","","87","87","87","87","87","87","87","87","87","87","87","87","87","87","87","87","87","87","87","",
"China","CHN","Tuberculosis case detection rate (%, all forms)","SH.TBS.DTEC.ZS","","","","","","","","","","","","","","","","","","","","","","","","","","","","","","","","","","","","","","","","","33","35","35","48","64","75","81","86","88","88","88","88","88","88","88","88","87","87","92","",
"Cote d'Ivoire","CIV","Tuberculosis case detection rate (%, all forms)","SH.TBS.DTEC.ZS","","","","","","","","","","","","","","","","","","","","","","","","","","","","","","","","","","","","","","","","","25","28","28","32","39","40","44","52","55","54","56","57","62","66","62","61","59","58","59","",
"Cameroon","CMR","Tuberculosis case detection rate (%, all forms)","SH.TBS.DTEC.ZS","","","","","","","","","","","","","","","","","","","","","","","","","","","","","","","","","","","","","","","","","11","22","21","30","32","39","43","44","45","46","45","47","48","50","52","53","53","51","50","",
"Congo, Dem. Rep.","COD","Tuberculosis case detection rate (%, all forms)","SH.TBS.DTEC.ZS","","","","","","","","","","","","","","","","","","","","","","","","","","","","","","","","","","","","","","","","","40","42","43","48","54","54","52","52","53","55","54","50","48","48","48","48","51","57","63","",
"Congo, Rep.","COG","Tuberculosis case detection rate (%, all forms)","SH.TBS.DTEC.ZS","","","","","","","","","","","","","","","","","","","","","","","","","","","","","","","","","","","","","","","","","83","80","75","55","66","64","54","56","55","60","62","65","66","61","56","54","55","52","54","",
"Colombia","COL","Tuberculosis case detection rate (%, all forms)","SH.TBS.DTEC.ZS","","","","","","","","","","","","","","","","","","","","","","","","","","","","","","","","","","","","","","","","","80","80","80","80","80","80","80","80","80","80","80","80","80","80","80","80","80","80","80","",
"Comoros","COM","Tuberculosis case detection rate (%, all forms)","SH.TBS.DTEC.ZS","","","","","","","","","","","","","","","","","","","","","","","","","","","","","","","","","","","","","","","","","57","65","52","34","41","50","50","","60","57","","48","48","48","56","","59","45","","",
"Cabo Verde","CPV","Tuberculosis case detection rate (%, all forms)","SH.TBS.DTEC.ZS","","","","","","","","","","","","","","","","","","","","","","","","","","","","","","","","","","","","","","","","","","80","80","80","80","80","80","80","80","80","80","80","80","80","80","80","80","80","80","",
"Costa Rica","CRI","Tuberculosis case detection rate (%, all forms)","SH.TBS.DTEC.ZS","","","","","","","","","","","","","","","","","","","","","","","","","","","","","","","","","","","","","","","","","80","80","80","80","80","80","80","80","80","80","80","80","80","80","80","80","80","80","80","",
"Caribbean small states","CSS","Tuberculosis case detection rate (%, all forms)","SH.TBS.DTEC.ZS","","","","","","","","","","","","","","","","","","","","","","","","","","","","","","","","","","","","","","","","","","","","","","","","","","","","","","","","","","","","",
"Cuba","CUB","Tuberculosis case detection rate (%, all forms)","SH.TBS.DTEC.ZS","","","","","","","","","","","","","","","","","","","","","","","","","","","","","","","","","","","","","","","","","87","87","87","87","87","87","87","87","87","87","87","87","87","87","87","87","87","87","87","",
"Curacao","CUW","Tuberculosis case detection rate (%, all forms)","SH.TBS.DTEC.ZS","","","","","","","","","","","","","","","","","","","","","","","","","","","","","","","","","","","","","","","","","","","","","","","","","","","87","87","87","87","87","87","87","87","","",
"Cayman Islands","CYM","Tuberculosis case detection rate (%, all forms)","SH.TBS.DTEC.ZS","","","","","","","","","","","","","","","","","","","","","","","","","","","","","","","","","","","","","","","","","87","87","","","87","","","87","87","87","87","87","87","87","","87","87","87","87","",
"Cyprus","CYP","Tuberculosis case detection rate (%, all forms)","SH.TBS.DTEC.ZS","","","","","","","","","","","","","","","","","","","","","","","","","","","","","","","","","","","","","","","","","87","87","87","87","87","87","87","87","87","87","87","87","87","87","87","87","87","87","79","",
"Czech Republic","CZE","Tuberculosis case detection rate (%, all forms)","SH.TBS.DTEC.ZS","","","","","","","","","","","","","","","","","","","","","","","","","","","","","","","","","","","","","","","","","87","87","87","87","87","87","87","87","87","87","87","87","87","87","87","87","87","87","75","",
"Germany","DEU","Tuberculosis case detection rate (%, all forms)","SH.TBS.DTEC.ZS","","","","","","","","","","","","","","","","","","","","","","","","","","","","","","","","","","","","","","","","","87","87","87","87","87","87","87","87","87","87","87","87","87","87","87","87","87","87","87","",
"Djibouti","DJI","Tuberculosis case detection rate (%, all forms)","SH.TBS.DTEC.ZS","","","","","","","","","","","","","","","","","","","","","","","","","","","","","","","","","","","","","","","","","80","80","80","80","80","80","80","80","80","80","80","80","80","80","80","80","80","80","80","",
"Dominica","DMA","Tuberculosis case detection rate (%, all forms)","SH.TBS.DTEC.ZS","","","","","","","","","","","","","","","","","","","","","","","","","","","","","","","","","","","","","","","","","","","87","","","","87","87","87","87","87","87","87","87","87","87","87","87","87","",
"Denmark","DNK","Tuberculosis case detection rate (%, all forms)","SH.TBS.DTEC.ZS","","","","","","","","","","","","","","","","","","","","","","","","","","","","","","","","","","","","","","","","","87","87","87","87","87","87","87","87","87","87","87","87","87","87","87","87","87","87","87","",
"Dominican Republic","DOM","Tuberculosis case detection rate (%, all forms)","SH.TBS.DTEC.ZS","","","","","","","","","","","","","","","","","","","","","","","","","","","","","","","","","","","","","","","","","80","80","80","80","80","80","80","80","80","80","80","80","80","80","80","80","80","80","80","",
"Algeria","DZA","Tuberculosis case detection rate (%, all forms)","SH.TBS.DTEC.ZS","","","","","","","","","","","","","","","","","","","","","","","","","","","","","","","","","","","","","","","","","80","80","80","80","80","80","80","80","80","80","80","80","80","80","80","80","80","80","80","",
"East Asia & Pacific (excluding high income)","EAP","Tuberculosis case detection rate (%, all forms)","SH.TBS.DTEC.ZS","","","","","","","","","","","","","","","","","","","","","","","","","","","","","","","","","","","","","","","","","25","27","30","36","44","49","53","55","56","56","57","59","60","60","61","62","65","67","74","",
"Early-demographic dividend","EAR","Tuberculosis case detection rate (%, all forms)","SH.TBS.DTEC.ZS","","","","","","","","","","","","","","","","","","","","","","","","","","","","","","","","","","","","","","","","","","","","","","","","","","","","","","","","","","","","",
"East Asia & Pacific","EAS","Tuberculosis case detection rate (%, all forms)","SH.TBS.DTEC.ZS","","","","","","","","","","","","","","","","","","","","","","","","","","","","","","","","","","","","","","","","","27","28","31","38","45","50","54","56","57","57","58","60","61","61","62","63","66","67","74","",
"Europe & Central Asia (excluding high income)","ECA","Tuberculosis case detection rate (%, all forms)","SH.TBS.DTEC.ZS","","","","","","","","","","","","","","","","","","","","","","","","","","","","","","","","","","","","","","","","","83","82","84","100","71","85","86","86","85","89","87","87","87","91","89","89","88","87","88","",
"Europe & Central Asia","ECS","Tuberculosis case detection rate (%, all forms)","SH.TBS.DTEC.ZS","","","","","","","","","","","","","","","","","","","","","","","","","","","","","","","","","","","","","","","","","84","83","84","99","74","86","86","86","85","89","87","87","87","90","87","89","88","87","88","",
"Ecuador","ECU","Tuberculosis case detection rate (%, all forms)","SH.TBS.DTEC.ZS","","","","","","","","","","","","","","","","","","","","","","","","","","","","","","","","","","","","","","","","","80","80","80","80","80","80","80","80","80","80","80","80","80","80","80","80","80","80","80","",
"Egypt, Arab Rep.","EGY","Tuberculosis case detection rate (%, all forms)","SH.TBS.DTEC.ZS","","","","","","","","","","","","","","","","","","","","","","","","","","","","","","","","","","","","","","","","","61","61","66","69","71","71","63","63","62","64","63","61","58","55","53","58","61","64","68","",
"Euro area","EMU","Tuberculosis case detection rate (%, all forms)","SH.TBS.DTEC.ZS","","","","","","","","","","","","","","","","","","","","","","","","","","","","","","","","","","","","","","","","","","","","","","","","","","","","","","","","","","","","",
"Eritrea","ERI","Tuberculosis case detection rate (%, all forms)","SH.TBS.DTEC.ZS","","","","","","","","","","","","","","","","","","","","","","","","","","","","","","","","","","","","","","","","","160","66","66","61","61","61","61","61","61","61","61","61","61","61","61","61","61","61","61","",
"Spain","ESP","Tuberculosis case detection rate (%, all forms)","SH.TBS.DTEC.ZS","","","","","","","","","","","","","","","","","","","","","","","","","","","","","","","","","","","","","","","","","87","87","87","87","87","87","87","87","87","87","87","87","87","87","87","87","87","87","100","",
"Estonia","EST","Tuberculosis case detection rate (%, all forms)","SH.TBS.DTEC.ZS","","","","","","","","","","","","","","","","","","","","","","","","","","","","","","","","","","","","","","","","","87","87","87","87","87","87","87","87","87","87","87","87","87","87","87","87","87","87","87","",
"Ethiopia","ETH","Tuberculosis case detection rate (%, all forms)","SH.TBS.DTEC.ZS","","","","","","","","","","","","","","","","","","","","","","","","","","","","","","","","","","","","","","","","","33","34","40","43","46","48","48","51","57","62","66","69","66","62","59","70","68","67","69","",
"European Union","EUU","Tuberculosis case detection rate (%, all forms)","SH.TBS.DTEC.ZS","","","","","","","","","","","","","","","","","","","","","","","","","","","","","","","","","","","","","","","","","","","","","","","","","","","","","","","","","","","","",
"Fragile and conflict affected situations","FCS","Tuberculosis case detection rate (%, all forms)","SH.TBS.DTEC.ZS","","","","","","","","","","","","","","","","","","","","","","","","","","","","","","","","","","","","","","","","","","","","","","","","","","","","","","","","","","","","",
"Finland","FIN","Tuberculosis case detection rate (%, all forms)","SH.TBS.DTEC.ZS","","","","","","","","","","","","","","","","","","","","","","","","","","","","","","","","","","","","","","","","","87","87","87","87","87","87","87","87","87","87","87","87","87","87","87","87","87","87","88","",
"Fiji","FJI","Tuberculosis case detection rate (%, all forms)","SH.TBS.DTEC.ZS","","","","","","","","","","","","","","","","","","","","","","","","","","","","","","","","","","","","","","","","","80","80","80","80","80","80","80","80","80","80","80","80","80","80","80","80","80","80","80","",
"France","FRA","Tuberculosis case detection rate (%, all forms)","SH.TBS.DTEC.ZS","","","","","","","","","","","","","","","","","","","","","","","","","","","","","","","","","","","","","","","","","83","83","83","83","83","83","83","83","83","83","83","83","83","83","83","83","83","83","83","",
"Faroe Islands","FRO","Tuberculosis case detection rate (%, all forms)","SH.TBS.DTEC.ZS","","","","","","","","","","","","","","","","","","","","","","","","","","","","","","","","","","","","","","","","","","","","","","","","","","","","","","","","","","","","",
"Micronesia, Fed. Sts.","FSM","Tuberculosis case detection rate (%, all forms)","SH.TBS.DTEC.ZS","","","","","","","","","","","","","","","","","","","","","","","","","","","","","","","","","","","","","","","","","80","80","80","80","80","80","80","80","80","80","80","80","80","","80","80","80","80","80","",
"Gabon","GAB","Tuberculosis case detection rate (%, all forms)","SH.TBS.DTEC.ZS","","","","","","","","","","","","","","","","","","","","","","","","","","","","","","","","","","","","","","","","","","36","28","28","32","31","37","45","53","35","42","47","51","52","55","55","52","48","51","",
"United Kingdom","GBR","Tuberculosis case detection rate (%, all forms)","SH.TBS.DTEC.ZS","","","","","","","","","","","","","","","","","","","","","","","","","","","","","","","","","","","","","","","","","89","89","89","89","89","89","89","89","89","89","89","89","89","89","89","89","89","89","89","",
"Georgia","GEO","Tuberculosis case detection rate (%, all forms)","SH.TBS.DTEC.ZS","","","","","","","","","","","","","","","","","","","","","","","","","","","","","","","","","","","","","","","","","40","38","46","60","49","61","67","69","76","100","90","91","82","73","75","79","81","76","73","",
"Ghana","GHA","Tuberculosis case detection rate (%, all forms)","SH.TBS.DTEC.ZS","","","","","","","","","","","","","","","","","","","","","","","","","","","","","","","","","","","","","","","","","26","28","27","27","27","27","28","28","31","33","32","34","33","34","33","32","32","32","32","",
"Gibraltar","GIB","Tuberculosis case detection rate (%, all forms)","SH.TBS.DTEC.ZS","","","","","","","","","","","","","","","","","","","","","","","","","","","","","","","","","","","","","","","","","","","","","","","","","","","","","","","","","","","","",
"Guinea","GIN","Tuberculosis case detection rate (%, all forms)","SH.TBS.DTEC.ZS","","","","","","","","","","","","","","","","","","","","","","","","","","","","","","","","","","","","","","","","","29","31","33","36","39","36","46","49","53","44","58","60","60","59","60","60","61","65","65","",
"Gambia, The","GMB","Tuberculosis case detection rate (%, all forms)","SH.TBS.DTEC.ZS","","","","","","","","","","","","","","","","","","","","","","","","","","","","","","","","","","","","","","","","","64","66","69","70","74","69","60","62","69","68","62","71","70","68","72","70","67","65","60","",
"Guinea-Bissau","GNB","Tuberculosis case detection rate (%, all forms)","SH.TBS.DTEC.ZS","","","","","","","","","","","","","","","","","","","","","","","","","","","","","","","","","","","","","","","","","35","","38","37","40","37","43","","41","41","40","37","33","35","37","34","35","34","30","",
"Equatorial Guinea","GNQ","Tuberculosis case detection rate (%, all forms)","SH.TBS.DTEC.ZS","","","","","","","","","","","","","","","","","","","","","","","","","","","","","","","","","","","","","","","","","","","","","72","","","","71","64","67","66","","","64","64","65","60","50","",
"Greece","GRC","Tuberculosis case detection rate (%, all forms)","SH.TBS.DTEC.ZS","","","","","","","","","","","","","","","","","","","","","","","","","","","","","","","","","","","","","","","","","87","87","87","87","87","87","87","87","87","87","87","87","87","87","87","87","87","87","86","",
"Grenada","GRD","Tuberculosis case detection rate (%, all forms)","SH.TBS.DTEC.ZS","","","","","","","","","","","","","","","","","","","","","","","","","","","","","","","","","","","","","","","","","","","87","87","87","","87","87","87","87","87","87","87","","","87","87","87","87","",
"Greenland","GRL","Tuberculosis case detection rate (%, all forms)","SH.TBS.DTEC.ZS","","","","","","","","","","","","","","","","","","","","","","","","","","","","","","","","","","","","","","","","","","","","","","","","","","87","87","87","87","87","87","87","87","87","87","",
"Guatemala","GTM","Tuberculosis case detection rate (%, all forms)","SH.TBS.DTEC.ZS","","","","","","","","","","","","","","","","","","","","","","","","","","","","","","","","","","","","","","","","","80","80","80","80","80","80","80","80","80","80","80","80","80","80","80","80","80","80","80","",
"Guam","GUM","Tuberculosis case detection rate (%, all forms)","SH.TBS.DTEC.ZS","","","","","","","","","","","","","","","","","","","","","","","","","","","","","","","","","","","","","","","","","87","87","87","87","87","87","87","87","87","87","87","87","87","87","87","87","87","87","87","",
"Guyana","GUY","Tuberculosis case detection rate (%, all forms)","SH.TBS.DTEC.ZS","","","","","","","","","","","","","","","","","","","","","","","","","","","","","","","","","","","","","","","","","80","80","80","80","80","80","80","80","80","80","80","80","80","80","80","80","80","80","80","",
"High income","HIC","Tuberculosis case detection rate (%, all forms)","SH.TBS.DTEC.ZS","","","","","","","","","","","","","","","","","","","","","","","","","","","","","","","","","","","","","","","","","88","88","88","88","88","88","88","88","88","89","89","89","89","88","86","88","89","88","89","",
"Hong Kong SAR, China","HKG","Tuberculosis case detection rate (%, all forms)","SH.TBS.DTEC.ZS","","","","","","","","","","","","","","","","","","","","","","","","","","","","","","","","","","","","","","","","","87","87","87","87","87","87","87","87","87","87","87","87","87","87","87","87","87","87","87","",
"Honduras","HND","Tuberculosis case detection rate (%, all forms)","SH.TBS.DTEC.ZS","","","","","","","","","","","","","","","","","","","","","","","","","","","","","","","","","","","","","","","","","80","80","80","80","80","80","80","80","80","80","80","80","80","80","80","80","80","80","80","",
"Heavily indebted poor countries (HIPC)","HPC","Tuberculosis case detection rate (%, all forms)","SH.TBS.DTEC.ZS","","","","","","","","","","","","","","","","","","","","","","","","","","","","","","","","","","","","","","","","","","","","","","","","","","","","","","","","","","","","",
"Croatia","HRV","Tuberculosis case detection rate (%, all forms)","SH.TBS.DTEC.ZS","","","","","","","","","","","","","","","","","","","","","","","","","","","","","","","","","","","","","","","","","87","87","87","87","87","87","87","87","87","87","87","87","87","87","87","87","87","87","100","",
"Haiti","HTI","Tuberculosis case detection rate (%, all forms)","SH.TBS.DTEC.ZS","","","","","","","","","","","","","","","","","","","","","","","","","","","","","","","","","","","","","","","","","46","43","50","57","58","57","56","58","61","63","62","68","76","79","75","78","75","75","69","",
"Hungary","HUN","Tuberculosis case detection rate (%, all forms)","SH.TBS.DTEC.ZS","","","","","","","","","","","","","","","","","","","","","","","","","","","","","","","","","","","","","","","","","87","87","87","87","87","87","87","87","87","87","87","87","87","87","87","87","87","87","97","",
"IBRD only","IBD","Tuberculosis case detection rate (%, all forms)","SH.TBS.DTEC.ZS","","","","","","","","","","","","","","","","","","","","","","","","","","","","","","","","","","","","","","","","","","","","","","","","","","","","","","","","","","","","",
"IDA & IBRD total","IBT","Tuberculosis case detection rate (%, all forms)","SH.TBS.DTEC.ZS","","","","","","","","","","","","","","","","","","","","","","","","","","","","","","","","","","","","","","","","","","","","","","","","","","","","","","","","","","","","",
"IDA total","IDA","Tuberculosis case detection rate (%, all forms)","SH.TBS.DTEC.ZS","","","","","","","","","","","","","","","","","","","","","","","","","","","","","","","","","","","","","","","","","","","","","","","","","","","","","","","","","","","","",
"IDA blend","IDB","Tuberculosis case detection rate (%, all forms)","SH.TBS.DTEC.ZS","","","","","","","","","","","","","","","","","","","","","","","","","","","","","","","","","","","","","","","","","","","","","","","","","","","","","","","","","","","","",
"Indonesia","IDN","Tuberculosis case detection rate (%, all forms)","SH.TBS.DTEC.ZS","","","","","","","","","","","","","","","","","","","","","","","","","","","","","","","","","","","","","","","","","11","12","19","22","26","31","34","34","36","36","36","38","39","39","38","39","43","52","67","",
"IDA only","IDX","Tuberculosis case detection rate (%, all forms)","SH.TBS.DTEC.ZS","","","","","","","","","","","","","","","","","","","","","","","","","","","","","","","","","","","","","","","","","","","","","","","","","","","","","","","","","","","","",
"Isle of Man","IMN","Tuberculosis case detection rate (%, all forms)","SH.TBS.DTEC.ZS","","","","","","","","","","","","","","","","","","","","","","","","","","","","","","","","","","","","","","","","","","","","","","","","","","","","","","","","","","","","",
"India","IND","Tuberculosis case detection rate (%, all forms)","SH.TBS.DTEC.ZS","","","","","","","","","","","","","","","","","","","","","","","","","","","","","","","","","","","","","","","","","37","35","34","34","36","36","39","41","42","44","44","44","43","43","56","59","63","60","74","",
"Not classified","INX","Tuberculosis case detection rate (%, all forms)","SH.TBS.DTEC.ZS","","","","","","","","","","","","","","","","","","","","","","","","","","","","","","","","","","","","","","","","","","","","","","","","","","","","","","","","","","","","",
"Ireland","IRL","Tuberculosis case detection rate (%, all forms)","SH.TBS.DTEC.ZS","","","","","","","","","","","","","","","","","","","","","","","","","","","","","","","","","","","","","","","","","87","87","87","87","87","87","87","87","87","87","87","87","87","87","87","87","87","87","87","",
"Iran, Islamic Rep.","IRN","Tuberculosis case detection rate (%, all forms)","SH.TBS.DTEC.ZS","","","","","","","","","","","","","","","","","","","","","","","","","","","","","","","","","","","","","","","","","80","80","80","80","80","80","80","80","80","80","80","80","80","80","80","80","80","80","80","",
"Iraq","IRQ","Tuberculosis case detection rate (%, all forms)","SH.TBS.DTEC.ZS","","","","","","","","","","","","","","","","","","","","","","","","","","","","","","","","","","","","","","","","","82","87","97","93","82","73","62","60","69","70","72","64","61","58","55","53","46","48","44","",
"Iceland","ISL","Tuberculosis case detection rate (%, all forms)","SH.TBS.DTEC.ZS","","","","","","","","","","","","","","","","","","","","","","","","","","","","","","","","","","","","","","","","","87","87","87","87","87","87","87","87","87","87","87","87","87","87","87","87","87","87","87","",
"Israel","ISR","Tuberculosis case detection rate (%, all forms)","SH.TBS.DTEC.ZS","","","","","","","","","","","","","","","","","","","","","","","","","","","","","","","","","","","","","","","","","87","87","87","87","87","87","87","87","87","87","87","87","87","87","87","87","87","87","87","",
"Italy","ITA","Tuberculosis case detection rate (%, all forms)","SH.TBS.DTEC.ZS","","","","","","","","","","","","","","","","","","","","","","","","","","","","","","","","","","","","","","","","","87","87","87","87","87","87","87","87","87","87","87","87","87","87","","87","87","87","88","",
"Jamaica","JAM","Tuberculosis case detection rate (%, all forms)","SH.TBS.DTEC.ZS","","","","","","","","","","","","","","","","","","","","","","","","","","","","","","","","","","","","","","","","","80","80","80","80","80","80","80","80","80","80","80","80","80","80","80","80","80","80","80","",
"Jordan","JOR","Tuberculosis case detection rate (%, all forms)","SH.TBS.DTEC.ZS","","","","","","","","","","","","","","","","","","","","","","","","","","","","","","","","","","","","","","","","","80","80","80","80","80","80","80","80","80","80","80","80","80","80","80","80","80","80","80","",
"Japan","JPN","Tuberculosis case detection rate (%, all forms)","SH.TBS.DTEC.ZS","","","","","","","","","","","","","","","","","","","","","","","","","","","","","","","","","","","","","","","","","87","87","87","87","87","87","87","87","87","87","87","87","87","87","87","87","87","87","87","",
"Kazakhstan","KAZ","Tuberculosis case detection rate (%, all forms)","SH.TBS.DTEC.ZS","","","","","","","","","","","","","","","","","","","","","","","","","","","","","","","","","","","","","","","","","100","95","95","120","95","99","99","100","93","100","99","110","88","100","97","99","94","100","100","",
"Kenya","KEN","Tuberculosis case detection rate (%, all forms)","SH.TBS.DTEC.ZS","","","","","","","","","","","","","","","","","","","","","","","","","","","","","","","","","","","","","","","","","45","45","45","45","45","45","45","45","45","45","45","45","45","45","45","45","45","52","63","",
"Kyrgyz Republic","KGZ","Tuberculosis case detection rate (%, all forms)","SH.TBS.DTEC.ZS","","","","","","","","","","","","","","","","","","","","","","","","","","","","","","","","","","","","","","","","","87","87","87","180","87","87","87","87","87","87","87","87","87","87","87","87","87","87","87","",
"Cambodia","KHM","Tuberculosis case detection rate (%, all forms)","SH.TBS.DTEC.ZS","","","","","","","","","","","","","","","","","","","","","","","","","","","","","","","","","","","","","","","","","27","27","35","41","45","52","52","54","60","62","65","62","66","63","73","62","61","66","58","",
"Kiribati","KIR","Tuberculosis case detection rate (%, all forms)","SH.TBS.DTEC.ZS","","","","","","","","","","","","","","","","","","","","","","","","","","","","","","","","","","","","","","","","","80","80","80","80","80","80","80","80","80","80","80","80","80","80","80","80","80","80","80","",
"St. Kitts and Nevis","KNA","Tuberculosis case detection rate (%, all forms)","SH.TBS.DTEC.ZS","","","","","","","","","","","","","","","","","","","","","","","","","","","","","","","","","","","","","","","","","","87","87","87","87","","87","87","87","87","87","87","87","","87","","","87","","",
"Korea, Rep.","KOR","Tuberculosis case detection rate (%, all forms)","SH.TBS.DTEC.ZS","","","","","","","","","","","","","","","","","","","","","","","","","","","","","","","","","","","","","","","","","94","94","94","94","94","94","94","94","94","94","94","94","94","94","94","94","94","94","94","",
"Kuwait","KWT","Tuberculosis case detection rate (%, all forms)","SH.TBS.DTEC.ZS","","","","","","","","","","","","","","","","","","","","","","","","","","","","","","","","","","","","","","","","","87","87","87","87","87","87","87","87","87","87","87","87","87","87","87","87","87","87","87","",
"Latin America & Caribbean (excluding high income)","LAC","Tuberculosis case detection rate (%, all forms)","SH.TBS.DTEC.ZS","","","","","","","","","","","","","","","","","","","","","","","","","","","","","","","","","","","","","","","","","79","79","79","80","80","80","79","80","80","80","80","81","82","82","82","82","82","82","81","",
"Lao PDR","LAO","Tuberculosis case detection rate (%, all forms)","SH.TBS.DTEC.ZS","","","","","","","","","","","","","","","","","","","","","","","","","","","","","","","","","","","","","","","","","13","14","16","17","20","24","27","27","28","28","29","32","31","32","35","37","42","49","57","",
"Lebanon","LBN","Tuberculosis case detection rate (%, all forms)","SH.TBS.DTEC.ZS","","","","","","","","","","","","","","","","","","","","","","","","","","","","","","","","","","","","","","","","","87","87","87","87","87","87","87","87","87","87","87","87","87","87","87","87","87","87","87","",
"Liberia","LBR","Tuberculosis case detection rate (%, all forms)","SH.TBS.DTEC.ZS","","","","","","","","","","","","","","","","","","","","","","","","","","","","","","","","","","","","","","","","","22","24","45","32","53","40","49","","49","55","58","66","64","57","37","42","50","53","53","",
"Libya","LBY","Tuberculosis case detection rate (%, all forms)","SH.TBS.DTEC.ZS","","","","","","","","","","","","","","","","","","","","","","","","","","","","","","","","","","","","","","","","","63","","83","85","73","91","86","89","83","86","","61","62","53","45","38","44","52","68","",
"St. Lucia","LCA","Tuberculosis case detection rate (%, all forms)","SH.TBS.DTEC.ZS","","","","","","","","","","","","","","","","","","","","","","","","","","","","","","","","","","","","","","","","","87","87","87","87","87","87","87","87","87","87","87","87","87","87","87","87","87","87","87","",
"Latin America & Caribbean","LCN","Tuberculosis case detection rate (%, all forms)","SH.TBS.DTEC.ZS","","","","","","","","","","","","","","","","","","","","","","","","","","","","","","","","","","","","","","","","","79","79","80","80","80","80","80","80","80","80","80","81","82","82","82","82","82","82","81","",
"Least developed countries: UN classification","LDC","Tuberculosis case detection rate (%, all forms)","SH.TBS.DTEC.ZS","","","","","","","","","","","","","","","","","","","","","","","","","","","","","","","","","","","","","","","","","","","","","","","","","","","","","","","","","","","","",
"Low income","LIC","Tuberculosis case detection rate (%, all forms)","SH.TBS.DTEC.ZS","","","","","","","","","","","","","","","","","","","","","","","","","","","","","","","","","","","","","","","","","34","37","40","44","45","45","45","46","50","52","53","54","54","54","54","56","58","60","62","",
"Liechtenstein","LIE","Tuberculosis case detection rate (%, all forms)","SH.TBS.DTEC.ZS","","","","","","","","","","","","","","","","","","","","","","","","","","","","","","","","","","","","","","","","","","","","","","","","","","","","","","","","","","","","",
"Sri Lanka","LKA","Tuberculosis case detection rate (%, all forms)","SH.TBS.DTEC.ZS","","","","","","","","","","","","","","","","","","","","","","","","","","","","","","","","","","","","","","","","","68","60","71","73","68","73","67","68","71","72","74","75","67","68","69","68","64","61","64","",
"Lower middle income","LMC","Tuberculosis case detection rate (%, all forms)","SH.TBS.DTEC.ZS","","","","","","","","","","","","","","","","","","","","","","","","","","","","","","","","","","","","","","","","","30","30","32","34","35","38","40","42","43","44","44","45","46","46","52","54","58","57","66","",
"Low & middle income","LMY","Tuberculosis case detection rate (%, all forms)","SH.TBS.DTEC.ZS","","","","","","","","","","","","","","","","","","","","","","","","","","","","","","","","","","","","","","","","","35","35","37","41","44","46","49","51","52","53","53","54","54","54","58","59","62","62","69","",
"Lesotho","LSO","Tuberculosis case detection rate (%, all forms)","SH.TBS.DTEC.ZS","","","","","","","","","","","","","","","","","","","","","","","","","","","","","","","","","","","","","","","","","48","32","43","52","45","42","48","53","49","52","52","55","54","51","51","47","49","51","55","",
"Late-demographic dividend","LTE","Tuberculosis case detection rate (%, all forms)","SH.TBS.DTEC.ZS","","","","","","","","","","","","","","","","","","","","","","","","","","","","","","","","","","","","","","","","","","","","","","","","","","","","","","","","","","","","",
"Lithuania","LTU","Tuberculosis case detection rate (%, all forms)","SH.TBS.DTEC.ZS","","","","","","","","","","","","","","","","","","","","","","","","","","","","","","","","","","","","","","","","","87","87","87","87","87","87","87","87","87","87","87","87","87","87","87","87","87","87","87","",
"Luxembourg","LUX","Tuberculosis case detection rate (%, all forms)","SH.TBS.DTEC.ZS","","","","","","","","","","","","","","","","","","","","","","","","","","","","","","","","","","","","","","","","","87","87","87","87","87","87","87","87","87","87","87","87","87","87","87","87","87","87","87","",
"Latvia","LVA","Tuberculosis case detection rate (%, all forms)","SH.TBS.DTEC.ZS","","","","","","","","","","","","","","","","","","","","","","","","","","","","","","","","","","","","","","","","","87","87","87","87","87","87","87","87","87","87","87","87","87","87","87","87","87","87","","",
"Macao SAR, China","MAC","Tuberculosis case detection rate (%, all forms)","SH.TBS.DTEC.ZS","","","","","","","","","","","","","","","","","","","","","","","","","","","","","","","","","","","","","","","","","87","87","87","87","87","87","87","87","87","87","87","87","87","87","87","87","87","87","87","",
"St. Martin (French part)","MAF","Tuberculosis case detection rate (%, all forms)","SH.TBS.DTEC.ZS","","","","","","","","","","","","","","","","","","","","","","","","","","","","","","","","","","","","","","","","","","","","","","","","","","","","","","","","","","","","",
"Morocco","MAR","Tuberculosis case detection rate (%, all forms)","SH.TBS.DTEC.ZS","","","","","","","","","","","","","","","","","","","","","","","","","","","","","","","","","","","","","","","","","87","87","87","87","87","87","87","87","87","87","87","87","87","87","87","87","87","87","87","",
"Monaco","MCO","Tuberculosis case detection rate (%, all forms)","SH.TBS.DTEC.ZS","","","","","","","","","","","","","","","","","","","","","","","","","","","","","","","","","","","","","","","","","","","","","","","","","","","87","","","","","","","","","",
"Moldova","MDA","Tuberculosis case detection rate (%, all forms)","SH.TBS.DTEC.ZS","","","","","","","","","","","","","","","","","","","","","","","","","","","","","","","","","","","","","","","","","87","87","87","170","87","87","87","87","87","87","87","87","87","87","87","87","87","87","87","",
"Madagascar","MDG","Tuberculosis case detection rate (%, all forms)","SH.TBS.DTEC.ZS","","","","","","","","","","","","","","","","","","","","","","","","","","","","","","","","","","","","","","","","","","35","37","41","42","40","45","45","44","45","48","50","49","50","52","52","50","53","55","",
"Maldives","MDV","Tuberculosis case detection rate (%, all forms)","SH.TBS.DTEC.ZS","","","","","","","","","","","","","","","","","","","","","","","","","","","","","","","","","","","","","","","","","80","80","80","80","80","80","80","80","80","80","80","80","80","80","80","80","80","80","80","",
"Middle East & North Africa","MEA","Tuberculosis case detection rate (%, all forms)","SH.TBS.DTEC.ZS","","","","","","","","","","","","","","","","","","","","","","","","","","","","","","","","","","","","","","","","","78","77","79","79","78","78","76","76","77","78","77","78","78","77","76","74","75","76","76","",
"Mexico","MEX","Tuberculosis case detection rate (%, all forms)","SH.TBS.DTEC.ZS","","","","","","","","","","","","","","","","","","","","","","","","","","","","","","","","","","","","","","","","","80","80","80","80","80","80","80","80","80","80","80","80","80","80","80","80","80","80","80","",
"Marshall Islands","MHL","Tuberculosis case detection rate (%, all forms)","SH.TBS.DTEC.ZS","","","","","","","","","","","","","","","","","","","","","","","","","","","","","","","","","","","","","","","","","80","80","80","80","80","80","80","80","80","80","80","80","80","80","80","80","80","80","170","",
"Middle income","MIC","Tuberculosis case detection rate (%, all forms)","SH.TBS.DTEC.ZS","","","","","","","","","","","","","","","","","","","","","","","","","","","","","","","","","","","","","","","","","35","35","37","40","43","47","49","51","53","54","54","54","54","54","58","60","63","63","70","",
"North Macedonia","MKD","Tuberculosis case detection rate (%, all forms)","SH.TBS.DTEC.ZS","","","","","","","","","","","","","","","","","","","","","","","","","","","","","","","","","","","","","","","","","80","80","80","80","80","80","80","80","80","80","80","80","80","80","80","80","80","80","80","",
"Mali","MLI","Tuberculosis case detection rate (%, all forms)","SH.TBS.DTEC.ZS","","","","","","","","","","","","","","","","","","","","","","","","","","","","","","","","","","","","","","","","","50","52","52","52","52","53","56","57","65","71","56","57","56","59","60","68","68","63","68","",
"Malta","MLT","Tuberculosis case detection rate (%, all forms)","SH.TBS.DTEC.ZS","","","","","","","","","","","","","","","","","","","","","","","","","","","","","","","","","","","","","","","","","87","87","87","87","87","87","87","87","87","87","87","87","87","87","87","87","87","87","92","",
"Myanmar","MMR","Tuberculosis case detection rate (%, all forms)","SH.TBS.DTEC.ZS","","","","","","","","","","","","","","","","","","","","","","","","","","","","","","","","","","","","","","","","","12","16","22","29","36","40","46","49","47","49","52","56","61","60","64","67","70","69","76","",
"Middle East & North Africa (excluding high income)","MNA","Tuberculosis case detection rate (%, all forms)","SH.TBS.DTEC.ZS","","","","","","","","","","","","","","","","","","","","","","","","","","","","","","","","","","","","","","","","","77","77","79","79","78","77","75","75","77","78","77","77","77","76","75","74","75","75","75","",
"Montenegro","MNE","Tuberculosis case detection rate (%, all forms)","SH.TBS.DTEC.ZS","","","","","","","","","","","","","","","","","","","","","","","","","","","","","","","","","","","","","","","","","","","","","","87","87","87","87","87","87","87","87","87","87","87","87","87","87","",
"Mongolia","MNG","Tuberculosis case detection rate (%, all forms)","SH.TBS.DTEC.ZS","","","","","","","","","","","","","","","","","","","","","","","","","","","","","","","","","","","","","","","","","30","34","37","37","42","43","46","42","40","39","38","36","34","35","36","36","34","32","29","",
"Northern Mariana Islands","MNP","Tuberculosis case detection rate (%, all forms)","SH.TBS.DTEC.ZS","","","","","","","","","","","","","","","","","","","","","","","","","","","","","","","","","","","","","","","","","87","87","87","87","87","87","87","87","87","87","87","87","87","87","87","87","87","87","87","",
"Mozambique","MOZ","Tuberculosis case detection rate (%, all forms)","SH.TBS.DTEC.ZS","","","","","","","","","","","","","","","","","","","","","","","","","","","","","","","","","","","","","","","","","23","24","26","29","30","31","32","33","33","35","34","34","35","38","40","39","47","54","57","",
"Mauritania","MRT","Tuberculosis case detection rate (%, all forms)","SH.TBS.DTEC.ZS","","","","","","","","","","","","","","","","","","","","","","","","","","","","","","","","","","","","","","","","","47","","","","59","39","51","58","54","54","52","39","58","51","55","50","56","59","59","",
"Mauritius","MUS","Tuberculosis case detection rate (%, all forms)","SH.TBS.DTEC.ZS","","","","","","","","","","","","","","","","","","","","","","","","","","","","","","","","","","","","","","","","","80","80","80","80","80","80","80","80","80","80","80","80","80","80","80","80","80","80","80","",
"Malawi","MWI","Tuberculosis case detection rate (%, all forms)","SH.TBS.DTEC.ZS","","","","","","","","","","","","","","","","","","","","","","","","","","","","","","","","","","","","","","","","","55","58","52","58","55","51","49","49","49","48","47","46","51","48","46","46","47","50","48","",
"Malaysia","MYS","Tuberculosis case detection rate (%, all forms)","SH.TBS.DTEC.ZS","","","","","","","","","","","","","","","","","","","","","","","","","","","","","","","","","","","","","","","","","87","87","87","87","87","87","87","87","87","87","87","87","87","87","87","87","87","87","87","",
"North America","NAC","Tuberculosis case detection rate (%, all forms)","SH.TBS.DTEC.ZS","","","","","","","","","","","","","","","","","","","","","","","","","","","","","","","","","","","","","","","","","87","87","87","87","87","87","87","87","87","87","87","87","87","87","87","87","87","87","87","",
"Namibia","NAM","Tuberculosis case detection rate (%, all forms)","SH.TBS.DTEC.ZS","","","","","","","","","","","","","","","","","","","","","","","","","","","","","","","","","","","","","","","","","61","65","60","62","63","62","61","60","62","59","60","61","60","60","59","65","62","63","61","",
"New Caledonia","NCL","Tuberculosis case detection rate (%, all forms)","SH.TBS.DTEC.ZS","","","","","","","","","","","","","","","","","","","","","","","","","","","","","","","","","","","","","","","","","87","87","87","87","87","87","87","87","87","87","87","87","87","","87","87","87","87","87","",
"Niger","NER","Tuberculosis case detection rate (%, all forms)","SH.TBS.DTEC.ZS","","","","","","","","","","","","","","","","","","","","","","","","","","","","","","","","","","","","","","","","","22","24","25","35","35","40","44","49","49","54","54","56","59","60","57","54","52","54","55","",
"Nigeria","NGA","Tuberculosis case detection rate (%, all forms)","SH.TBS.DTEC.ZS","","","","","","","","","","","","","","","","","","","","","","","","","","","","","","","","","","","","","","","","","9.6","17","14","15","19","21","23","26","26","26","24","24","25","25","22","22","24","24","24","",
"Nicaragua","NIC","Tuberculosis case detection rate (%, all forms)","SH.TBS.DTEC.ZS","","","","","","","","","","","","","","","","","","","","","","","","","","","","","","","","","","","","","","","","","80","80","80","80","80","80","80","80","80","80","80","80","80","80","80","80","80","80","80","",
"Netherlands","NLD","Tuberculosis case detection rate (%, all forms)","SH.TBS.DTEC.ZS","","","","","","","","","","","","","","","","","","","","","","","","","","","","","","","","","","","","","","","","","87","87","87","87","87","87","87","87","87","87","87","87","87","87","87","87","87","87","87","",
"Norway","NOR","Tuberculosis case detection rate (%, all forms)","SH.TBS.DTEC.ZS","","","","","","","","","","","","","","","","","","","","","","","","","","","","","","","","","","","","","","","","","87","87","87","87","87","87","87","87","87","87","87","87","87","87","87","87","87","87","87","",
"Nepal","NPL","Tuberculosis case detection rate (%, all forms)","SH.TBS.DTEC.ZS","","","","","","","","","","","","","","","","","","","","","","","","","","","","","","","","","","","","","","","","","76","74","75","81","77","80","77","76","75","79","80","81","81","79","83","79","75","74","75","",
"Nauru","NRU","Tuberculosis case detection rate (%, all forms)","SH.TBS.DTEC.ZS","","","","","","","","","","","","","","","","","","","","","","","","","","","","","","","","","","","","","","","","","87","87","87","87","","87","87","87","87","87","87","87","","","87","87","87","87","87","",
"New Zealand","NZL","Tuberculosis case detection rate (%, all forms)","SH.TBS.DTEC.ZS","","","","","","","","","","","","","","","","","","","","","","","","","","","","","","","","","","","","","","","","","87","87","87","87","87","87","87","87","87","87","87","87","87","87","87","87","87","87","87","",
"OECD members","OED","Tuberculosis case detection rate (%, all forms)","SH.TBS.DTEC.ZS","","","","","","","","","","","","","","","","","","","","","","","","","","","","","","","","","","","","","","","","","","","","","","","","","","","","","","","","","","","","",
"Oman","OMN","Tuberculosis case detection rate (%, all forms)","SH.TBS.DTEC.ZS","","","","","","","","","","","","","","","","","","","","","","","","","","","","","","","","","","","","","","","","","87","87","87","87","87","87","87","87","87","87","87","87","87","87","87","87","87","87","87","",
"Other small states","OSS","Tuberculosis case detection rate (%, all forms)","SH.TBS.DTEC.ZS","","","","","","","","","","","","","","","","","","","","","","","","","","","","","","","","","","","","","","","","","","","","","","","","","","","","","","","","","","","","",
"Pakistan","PAK","Tuberculosis case detection rate (%, all forms)","SH.TBS.DTEC.ZS","","","","","","","","","","","","","","","","","","","","","","","","","","","","","","","","","","","","","","","","","2.8","5.2","12","17","22","32","39","50","52","55","53","52","52","55","58","60","65","65","64","",
"Panama","PAN","Tuberculosis case detection rate (%, all forms)","SH.TBS.DTEC.ZS","","","","","","","","","","","","","","","","","","","","","","","","","","","","","","","","","","","","","","","","","80","80","80","80","80","80","80","80","80","80","80","80","80","80","80","80","80","80","80","",
"Peru","PER","Tuberculosis case detection rate (%, all forms)","SH.TBS.DTEC.ZS","","","","","","","","","","","","","","","","","","","","","","","","","","","","","","","","","","","","","","","","","80","80","80","80","80","80","80","80","80","80","80","80","80","80","80","80","80","80","80","",
"Philippines","PHL","Tuberculosis case detection rate (%, all forms)","SH.TBS.DTEC.ZS","","","","","","","","","","","","","","","","","","","","","","","","","","","","","","","","","","","","","","","","","26","23","26","29","28","29","32","30","29","30","33","38","41","43","44","49","58","54","63","",
"Palau","PLW","Tuberculosis case detection rate (%, all forms)","SH.TBS.DTEC.ZS","","","","","","","","","","","","","","","","","","","","","","","","","","","","","","","","","","","","","","","","","","","87","87","87","87","87","87","","87","87","87","87","87","87","87","87","87","87","",
"Papua New Guinea","PNG","Tuberculosis case detection rate (%, all forms)","SH.TBS.DTEC.ZS","","","","","","","","","","","","","","","","","","","","","","","","","","","","","","","","","","","","","","","","","42","49","42","48","46","45","44","51","46","40","46","46","62","67","76","75","77","72","75","",
"Poland","POL","Tuberculosis case detection rate (%, all forms)","SH.TBS.DTEC.ZS","","","","","","","","","","","","","","","","","","","","","","","","","","","","","","","","","","","","","","","","","87","87","87","87","87","87","87","87","87","87","87","87","87","87","87","87","87","87","87","",
"Pre-demographic dividend","PRE","Tuberculosis case detection rate (%, all forms)","SH.TBS.DTEC.ZS","","","","","","","","","","","","","","","","","","","","","","","","","","","","","","","","","","","","","","","","","","","","","","","","","","","","","","","","","","","","",
"Puerto Rico","PRI","Tuberculosis case detection rate (%, all forms)","SH.TBS.DTEC.ZS","","","","","","","","","","","","","","","","","","","","","","","","","","","","","","","","","","","","","","","","","87","87","87","87","87","87","87","87","87","87","87","87","87","87","87","87","87","87","87","",
"Korea, Dem. People’s Rep.","PRK","Tuberculosis case detection rate (%, all forms)","SH.TBS.DTEC.ZS","","","","","","","","","","","","","","","","","","","","","","","","","","","","","","","","","","","","","","","","","29","25","34","41","37","35","36","47","58","61","67","72","72","76","80","87","87","77","69","",
"Portugal","PRT","Tuberculosis case detection rate (%, all forms)","SH.TBS.DTEC.ZS","","","","","","","","","","","","","","","","","","","","","","","","","","","","","","","","","","","","","","","","","87","87","87","87","87","87","87","87","87","87","87","87","87","87","87","87","87","87","87","",
"Paraguay","PRY","Tuberculosis case detection rate (%, all forms)","SH.TBS.DTEC.ZS","","","","","","","","","","","","","","","","","","","","","","","","","","","","","","","","","","","","","","","","","87","87","87","87","87","87","87","87","87","87","87","87","87","87","87","87","87","87","87","",
"West Bank and Gaza","PSE","Tuberculosis case detection rate (%, all forms)","SH.TBS.DTEC.ZS","","","","","","","","","","","","","","","","","","","","","","","","","","","","","","","","","","","","","","","","","80","80","","80","80","80","80","80","80","80","80","80","80","","80","80","80","80","80","",
"Pacific island small states","PSS","Tuberculosis case detection rate (%, all forms)","SH.TBS.DTEC.ZS","","","","","","","","","","","","","","","","","","","","","","","","","","","","","","","","","","","","","","","","","","","","","","","","","","","","","","","","","","","","",
"Post-demographic dividend","PST","Tuberculosis case detection rate (%, all forms)","SH.TBS.DTEC.ZS","","","","","","","","","","","","","","","","","","","","","","","","","","","","","","","","","","","","","","","","","","","","","","","","","","","","","","","","","","","","",
"French Polynesia","PYF","Tuberculosis case detection rate (%, all forms)","SH.TBS.DTEC.ZS","","","","","","","","","","","","","","","","","","","","","","","","","","","","","","","","","","","","","","","","","87","87","87","87","87","87","87","87","87","87","87","87","87","87","87","87","87","87","87","",
"Qatar","QAT","Tuberculosis case detection rate (%, all forms)","SH.TBS.DTEC.ZS","","","","","","","","","","","","","","","","","","","","","","","","","","","","","","","","","","","","","","","","","87","87","87","87","87","87","87","87","87","87","87","87","87","","87","87","87","87","87","",
"Romania","ROU","Tuberculosis case detection rate (%, all forms)","SH.TBS.DTEC.ZS","","","","","","","","","","","","","","","","","","","","","","","","","","","","","","","","","","","","","","","","","87","87","87","87","87","87","87","87","87","87","87","87","87","87","87","87","87","87","87","",
"Russian Federation","RUS","Tuberculosis case detection rate (%, all forms)","SH.TBS.DTEC.ZS","","","","","","","","","","","","","","","","","","","","","","","","","","","","","","","","","","","","","","","","","100","99","99","100","97","100","99","99","99","100","100","97","97","100","100","100","100","99","99","",
"Rwanda","RWA","Tuberculosis case detection rate (%, all forms)","SH.TBS.DTEC.ZS","","","","","","","","","","","","","","","","","","","","","","","","","","","","","","","","","","","","","","","","","80","80","80","80","80","80","80","80","80","80","80","80","80","80","80","80","80","80","80","",
"South Asia","SAS","Tuberculosis case detection rate (%, all forms)","SH.TBS.DTEC.ZS","","","","","","","","","","","","","","","","","","","","","","","","","","","","","","","","","","","","","","","","","33","32","32","32","34","37","40","43","45","46","46","46","46","46","56","59","64","62","73","",
"Saudi Arabia","SAU","Tuberculosis case detection rate (%, all forms)","SH.TBS.DTEC.ZS","","","","","","","","","","","","","","","","","","","","","","","","","","","","","","","","","","","","","","","","","87","87","87","87","87","87","87","87","87","87","87","87","87","87","87","87","87","87","87","",
"Sudan","SDN","Tuberculosis case detection rate (%, all forms)","SH.TBS.DTEC.ZS","","","","","","","","","","","","","","","","","","","","","","","","","","","","","","","","","","","","","","","","","","","","","","","","","","","","52","50","52","54","55","63","65","67","",
"Senegal","SEN","Tuberculosis case detection rate (%, all forms)","SH.TBS.DTEC.ZS","","","","","","","","","","","","","","","","","","","","","","","","","","","","","","","","","","","","","","","","","56","56","54","61","58","62","64","64","68","67","66","65","71","75","75","74","71","72","71","",
"Singapore","SGP","Tuberculosis case detection rate (%, all forms)","SH.TBS.DTEC.ZS","","","","","","","","","","","","","","","","","","","","","","","","","","","","","","","","","","","","","","","","","87","87","87","87","87","87","87","87","87","87","87","87","87","87","87","87","87","87","87","",
"Solomon Islands","SLB","Tuberculosis case detection rate (%, all forms)","SH.TBS.DTEC.ZS","","","","","","","","","","","","","","","","","","","","","","","","","","","","","","","","","","","","","","","","","80","80","80","80","80","80","80","80","80","80","80","80","80","80","80","80","80","80","80","",
"Sierra Leone","SLE","Tuberculosis case detection rate (%, all forms)","SH.TBS.DTEC.ZS","","","","","","","","","","","","","","","","","","","","","","","","","","","","","","","","","","","","","","","","","27","32","31","33","33","38","44","49","55","58","63","61","62","56","57","54","63","71","75","",
"El Salvador","SLV","Tuberculosis case detection rate (%, all forms)","SH.TBS.DTEC.ZS","","","","","","","","","","","","","","","","","","","","","","","","","","","","","","","","","","","","","","","","","80","80","80","80","80","80","80","80","80","80","80","80","80","80","80","80","80","80","80","",
"San Marino","SMR","Tuberculosis case detection rate (%, all forms)","SH.TBS.DTEC.ZS","","","","","","","","","","","","","","","","","","","","","","","","","","","","","","","","","","","","","","","","","87","","87","87","","","","","","","","","","","","","","","","",
"Somalia","SOM","Tuberculosis case detection rate (%, all forms)","SH.TBS.DTEC.ZS","","","","","","","","","","","","","","","","","","","","","","","","","","","","","","","","","","","","","","","","","22","26","27","33","41","43","39","35","38","33","29","33","33","35","35","37","37","43","42","",
"Serbia","SRB","Tuberculosis case detection rate (%, all forms)","SH.TBS.DTEC.ZS","","","","","","","","","","","","","","","","","","","","","","","","","","","","","","","","","","","","","","","","","","","","","","87","87","87","87","87","87","87","87","87","87","87","87","87","87","",
"Sub-Saharan Africa (excluding high income)","SSA","Tuberculosis case detection rate (%, all forms)","SH.TBS.DTEC.ZS","","","","","","","","","","","","","","","","","","","","","","","","","","","","","","","","","","","","","","","","","37","40","44","45","48","47","48","49","51","53","53","52","51","51","50","50","51","53","56","",
"South Sudan","SSD","Tuberculosis case detection rate (%, all forms)","SH.TBS.DTEC.ZS","","","","","","","","","","","","","","","","","","","","","","","","","","","","","","","","","","","","","","","","","","","","","","","","","","","","50","57","42","54","62","68","64","91","",
"Sub-Saharan Africa","SSF","Tuberculosis case detection rate (%, all forms)","SH.TBS.DTEC.ZS","","","","","","","","","","","","","","","","","","","","","","","","","","","","","","","","","","","","","","","","","37","40","44","45","48","47","48","49","51","53","53","52","51","51","50","50","51","53","56","",
"Small states","SST","Tuberculosis case detection rate (%, all forms)","SH.TBS.DTEC.ZS","","","","","","","","","","","","","","","","","","","","","","","","","","","","","","","","","","","","","","","","","","","","","","","","","","","","","","","","","","","","",
"Sao Tome and Principe","STP","Tuberculosis case detection rate (%, all forms)","SH.TBS.DTEC.ZS","","","","","","","","","","","","","","","","","","","","","","","","","","","","","","","","","","","","","","","","","57","57","57","240","57","57","57","57","57","57","57","57","57","57","57","57","57","57","57","",
"Suriname","SUR","Tuberculosis case detection rate (%, all forms)","SH.TBS.DTEC.ZS","","","","","","","","","","","","","","","","","","","","","","","","","","","","","","","","","","","","","","","","","80","80","80","80","80","80","80","","80","80","80","80","80","80","80","80","80","80","80","",
"Slovak Republic","SVK","Tuberculosis case detection rate (%, all forms)","SH.TBS.DTEC.ZS","","","","","","","","","","","","","","","","","","","","","","","","","","","","","","","","","","","","","","","","","87","87","87","87","87","87","87","87","87","87","87","87","87","87","87","87","87","87","87","",
"Slovenia","SVN","Tuberculosis case detection rate (%, all forms)","SH.TBS.DTEC.ZS","","","","","","","","","","","","","","","","","","","","","","","","","","","","","","","","","","","","","","","","","87","87","87","87","87","87","87","87","87","87","87","87","87","87","87","87","87","87","89","",
"Sweden","SWE","Tuberculosis case detection rate (%, all forms)","SH.TBS.DTEC.ZS","","","","","","","","","","","","","","","","","","","","","","","","","","","","","","","","","","","","","","","","","87","87","87","87","87","87","87","87","87","87","87","87","87","87","87","87","87","87","87","",
"Eswatini","SWZ","Tuberculosis case detection rate (%, all forms)","SH.TBS.DTEC.ZS","","","","","","","","","","","","","","","","","","","","","","","","","","","","","","","","","","","","","","","","","80","80","80","80","80","80","80","80","80","80","80","80","80","80","80","80","80","80","80","",
"Sint Maarten (Dutch part)","SXM","Tuberculosis case detection rate (%, all forms)","SH.TBS.DTEC.ZS","","","","","","","","","","","","","","","","","","","","","","","","","","","","","","","","","","","","","","","","","","","","","","","","","","","87","87","87","87","","87","","87","87","",
"Seychelles","SYC","Tuberculosis case detection rate (%, all forms)","SH.TBS.DTEC.ZS","","","","","","","","","","","","","","","","","","","","","","","","","","","","","","","","","","","","","","","","","87","87","87","87","87","87","","","87","87","87","87","87","87","87","87","87","87","87","",
"Syrian Arab Republic","SYR","Tuberculosis case detection rate (%, all forms)","SH.TBS.DTEC.ZS","","","","","","","","","","","","","","","","","","","","","","","","","","","","","","","","","","","","","","","","","80","80","80","80","80","80","80","80","80","80","80","80","80","80","80","80","80","80","80","",
"Turks and Caicos Islands","TCA","Tuberculosis case detection rate (%, all forms)","SH.TBS.DTEC.ZS","","","","","","","","","","","","","","","","","","","","","","","","","","","","","","","","","","","","","","","","","","87","87","87","","","87","","","","87","87","87","87","87","87","87","87","87","",
"Chad","TCD","Tuberculosis case detection rate (%, all forms)","SH.TBS.DTEC.ZS","","","","","","","","","","","","","","","","","","","","","","","","","","","","","","","","","","","","","","","","","","","37","33","34","41","","36","42","49","54","58","57","58","60","56","52","55","59","",
"East Asia & Pacific (IDA & IBRD countries)","TEA","Tuberculosis case detection rate (%, all forms)","SH.TBS.DTEC.ZS","","","","","","","","","","","","","","","","","","","","","","","","","","","","","","","","","","","","","","","","","","","","","","","","","","","","","","","","","","","","",
"Europe & Central Asia (IDA & IBRD countries)","TEC","Tuberculosis case detection rate (%, all forms)","SH.TBS.DTEC.ZS","","","","","","","","","","","","","","","","","","","","","","","","","","","","","","","","","","","","","","","","","","","","","","","","","","","","","","","","","","","","",
"Togo","TGO","Tuberculosis case detection rate (%, all forms)","SH.TBS.DTEC.ZS","","","","","","","","","","","","","","","","","","","","","","","","","","","","","","","","","","","","","","","","","55","","57","57","61","64","66","54","63","62","57","60","61","58","61","68","80","81","85","",
"Thailand","THA","Tuberculosis case detection rate (%, all forms)","SH.TBS.DTEC.ZS","","","","","","","","","","","","","","","","","","","","","","","","","","","","","","","","","","","","","","","","","22","32","32","35","37","40","41","40","42","51","55","55","52","55","59","55","64","74","80","",
"Tajikistan","TJK","Tuberculosis case detection rate (%, all forms)","SH.TBS.DTEC.ZS","","","","","","","","","","","","","","","","","","","","","","","","","","","","","","","","","","","","","","","","","20","25","29","62","33","41","42","53","57","69","72","78","77","69","77","81","81","79","75","",
"Turkmenistan","TKM","Tuberculosis case detection rate (%, all forms)","SH.TBS.DTEC.ZS","","","","","","","","","","","","","","","","","","","","","","","","","","","","","","","","","","","","","","","","","80","80","80","80","80","80","80","80","80","80","80","80","80","80","80","80","80","80","80","",
"Latin America & the Caribbean (IDA & IBRD countries)","TLA","Tuberculosis case detection rate (%, all forms)","SH.TBS.DTEC.ZS","","","","","","","","","","","","","","","","","","","","","","","","","","","","","","","","","","","","","","","","","","","","","","","","","","","","","","","","","","","","",
"Timor-Leste","TLS","Tuberculosis case detection rate (%, all forms)","SH.TBS.DTEC.ZS","","","","","","","","","","","","","","","","","","","","","","","","","","","","","","","","","","","","","","","","","","","60","68","77","76","71","63","62","89","","79","68","65","63","56","59","56","60","",
"Middle East & North Africa (IDA & IBRD countries)","TMN","Tuberculosis case detection rate (%, all forms)","SH.TBS.DTEC.ZS","","","","","","","","","","","","","","","","","","","","","","","","","","","","","","","","","","","","","","","","","","","","","","","","","","","","","","","","","","","","",
"Tonga","TON","Tuberculosis case detection rate (%, all forms)","SH.TBS.DTEC.ZS","","","","","","","","","","","","","","","","","","","","","","","","","","","","","","","","","","","","","","","","","87","87","87","87","87","87","87","87","87","87","87","87","87","87","87","87","87","87","87","",
"South Asia (IDA & IBRD)","TSA","Tuberculosis case detection rate (%, all forms)","SH.TBS.DTEC.ZS","","","","","","","","","","","","","","","","","","","","","","","","","","","","","","","","","","","","","","","","","","","","","","","","","","","","","","","","","","","","",
"Sub-Saharan Africa (IDA & IBRD countries)","TSS","Tuberculosis case detection rate (%, all forms)","SH.TBS.DTEC.ZS","","","","","","","","","","","","","","","","","","","","","","","","","","","","","","","","","","","","","","","","","","","","","","","","","","","","","","","","","","","","",
"Trinidad and Tobago","TTO","Tuberculosis case detection rate (%, all forms)","SH.TBS.DTEC.ZS","","","","","","","","","","","","","","","","","","","","","","","","","","","","","","","","","","","","","","","","","87","87","87","87","87","87","87","87","87","87","87","87","87","87","87","87","87","87","87","",
"Tunisia","TUN","Tuberculosis case detection rate (%, all forms)","SH.TBS.DTEC.ZS","","","","","","","","","","","","","","","","","","","","","","","","","","","","","","","","","","","","","","","","","80","80","80","80","80","80","80","80","80","80","80","80","80","80","80","80","80","80","80","",
"Turkey","TUR","Tuberculosis case detection rate (%, all forms)","SH.TBS.DTEC.ZS","","","","","","","","","","","","","","","","","","","","","","","","","","","","","","","","","","","","","","","","","87","87","87","87","87","87","87","87","87","87","87","87","87","87","87","87","87","87","87","",
"Tuvalu","TUV","Tuberculosis case detection rate (%, all forms)","SH.TBS.DTEC.ZS","","","","","","","","","","","","","","","","","","","","","","","","","","","","","","","","","","","","","","","","","87","87","87","87","","87","87","87","87","87","87","87","87","87","87","87","87","87","87","",
"Tanzania","TZA","Tuberculosis case detection rate (%, all forms)","SH.TBS.DTEC.ZS","","","","","","","","","","","","","","","","","","","","","","","","","","","","","","","","","","","","","","","","","32","35","34","35","33","31","30","30","30","32","32","32","35","39","38","39","42","46","53","",
"Uganda","UGA","Tuberculosis case detection rate (%, all forms)","SH.TBS.DTEC.ZS","","","","","","","","","","","","","","","","","","","","","","","","","","","","","","","","","","","","","","","","","46","57","63","67","68","64","63","63","64","62","63","67","63","63","59","54","54","55","65","",
"Ukraine","UKR","Tuberculosis case detection rate (%, all forms)","SH.TBS.DTEC.ZS","","","","","","","","","","","","","","","","","","","","","","","","","","","","","","","","","","","","","","","","","59","64","68","130","","67","71","66","69","69","67","71","90","84","74","74","75","73","75","",
"Upper middle income","UMC","Tuberculosis case detection rate (%, all forms)","SH.TBS.DTEC.ZS","","","","","","","","","","","","","","","","","","","","","","","","","","","","","","","","","","","","","","","","","48","49","51","59","67","73","76","79","81","82","82","83","80","81","81","81","81","83","86","",
"Uruguay","URY","Tuberculosis case detection rate (%, all forms)","SH.TBS.DTEC.ZS","","","","","","","","","","","","","","","","","","","","","","","","","","","","","","","","","","","","","","","","","87","87","87","87","87","87","87","87","87","87","87","87","87","87","87","87","87","87","87","",
"United States","USA","Tuberculosis case detection rate (%, all forms)","SH.TBS.DTEC.ZS","","","","","","","","","","","","","","","","","","","","","","","","","","","","","","","","","","","","","","","","","87","87","87","87","87","87","87","87","87","87","87","87","87","87","87","87","87","87","87","",
"Uzbekistan","UZB","Tuberculosis case detection rate (%, all forms)","SH.TBS.DTEC.ZS","","","","","","","","","","","","","","","","","","","","","","","","","","","","","","","","","","","","","","","","","64","65","71","80","65","68","77","66","59","70","61","57","56","81","73","67","67","72","72","",
"St. Vincent and the Grenadines","VCT","Tuberculosis case detection rate (%, all forms)","SH.TBS.DTEC.ZS","","","","","","","","","","","","","","","","","","","","","","","","","","","","","","","","","","","","","","","","","87","87","87","87","87","87","87","87","87","87","87","87","87","87","87","87","87","87","87","",
"Venezuela, RB","VEN","Tuberculosis case detection rate (%, all forms)","SH.TBS.DTEC.ZS","","","","","","","","","","","","","","","","","","","","","","","","","","","","","","","","","","","","","","","","","80","80","80","80","80","80","80","80","80","80","80","80","80","80","80","80","80","80","80","",
"British Virgin Islands","VGB","Tuberculosis case detection rate (%, all forms)","SH.TBS.DTEC.ZS","","","","","","","","","","","","","","","","","","","","","","","","","","","","","","","","","","","","","","","","","87","87","87","87","87","","","","","","87","","","87","","","","","87","",
"Virgin Islands (U.S.)","VIR","Tuberculosis case detection rate (%, all forms)","SH.TBS.DTEC.ZS","","","","","","","","","","","","","","","","","","","","","","","","","","","","","","","","","","","","","","","","","","","","","","","","","","","","","","","","","","","","",
"Vietnam","VNM","Tuberculosis case detection rate (%, all forms)","SH.TBS.DTEC.ZS","","","","","","","","","","","","","","","","","","","","","","","","","","","","","","","","","","","","","","","","","38","39","41","40","43","43","44","45","46","47","48","49","52","52","53","55","56","58","57","",
"Vanuatu","VUT","Tuberculosis case detection rate (%, all forms)","SH.TBS.DTEC.ZS","","","","","","","","","","","","","","","","","","","","","","","","","","","","","","","","","","","","","","","","","75","75","75","76","66","44","76","72","62","81","71","68","78","77","68","80","64","63","67","",
"World","WLD","Tuberculosis case detection rate (%, all forms)","SH.TBS.DTEC.ZS","","","","","","","","","","","","","","","","","","","","","","","","","","","","","","","","","","","","","","","","","36","36","38","42","44","47","49","51","53","54","54","54","54","54","58","60","62","63","70","",
"Samoa","WSM","Tuberculosis case detection rate (%, all forms)","SH.TBS.DTEC.ZS","","","","","","","","","","","","","","","","","","","","","","","","","","","","","","","","","","","","","","","","","87","87","87","87","87","87","87","","87","87","87","87","87","87","87","87","87","87","87","",
"Kosovo","XKX","Tuberculosis case detection rate (%, all forms)","SH.TBS.DTEC.ZS","","","","","","","","","","","","","","","","","","","","","","","","","","","","","","","","","","","","","","","","","","","","","","","","","","","","","","","","","","","","",
"Yemen, Rep.","YEM","Tuberculosis case detection rate (%, all forms)","SH.TBS.DTEC.ZS","","","","","","","","","","","","","","","","","","","","","","","","","","","","","","","","","","","","","","","","","67","66","62","58","59","56","56","60","63","69","74","73","83","86","78","60","72","73","71","",
"South Africa","ZAF","Tuberculosis case detection rate (%, all forms)","SH.TBS.DTEC.ZS","","","","","","","","","","","","","","","","","","","","","","","","","","","","","","","","","","","","","","","","","57","49","63","59","64","61","65","66","72","74","73","76","69","69","68","68","68","75","76","",
"Zambia","ZMB","Tuberculosis case detection rate (%, all forms)","SH.TBS.DTEC.ZS","","","","","","","","","","","","","","","","","","","","","","","","","","","","","","","","","","","","","","","","","63","59","71","77","74","69","68","67","64","66","66","65","62","62","61","59","62","59","58","",
"Zimbabwe","ZWE","Tuberculosis case detection rate (%, all forms)","SH.TBS.DTEC.ZS","","","","","","","","","","","","","","","","","","","","","","","","","","","","","","","","","","","","","","","","","71","76","80","77","77","71","65","62","61","76","84","78","77","81","78","81","81","82","83","",
